fname,lname,email,password
Jennifer,Jackson,Jennifer.Jackson@company.com,v|2g8!l5Ttz)+/*~
Brenda,Anderson,Brenda.Anderson@company.com,V>y6UBj!o5Lw{-qD
Isaiah,Rose,Isaiah.Rose@company.com,JA52*wneCS>Tz/19
Brittany,Jordan,Brittany.Jordan@company.com,=Ti1RGm>J8]zlY&k
Shirley,Obrien,Shirley.Obrien@company.com,X4c[p=$yg5~b*rWh
Tanner,Cook,Tanner.Cook@company.com,zsL3Ub/aN<X_2W4c
Richard,Martinez,Richard.Martinez@company.com,JzdR6triBjvgk{On
Scott,Russell,Scott.Russell@company.com,[iHcY$4]Z*g?B1}k
Chris,Schultz,Chris.Schultz@company.com,i=lcP]p){uY81VAt
Thomas,Beard,Thomas.Beard@company.com,_c?K$&>yl-3FA6E9
Caitlyn,Howard,Caitlyn.Howard@company.com,iGaHR05kq2Xz%$\d
Emily,Montgomery,Emily.Montgomery@company.com,GaXJ$C3|O}{Qd0L_
Jesse,Perkins,Jesse.Perkins@company.com,V}jvt6UhRF<&MP%G
Angela,Parsons,Angela.Parsons@company.com,X+&?TeAjB6Egu!5[
Joseph,Blankenship,Joseph.Blankenship@company.com,&UMsft])l2L+n6yD
April,Rangel,April.Rangel@company.com,%[z4>yN1=I2/OWRJ
Elizabeth,Raymond,Elizabeth.Raymond@company.com,lJhsuG/=Pj$qTxEy
Samuel,Maldonado,Samuel.Maldonado@company.com,AZpW?7xPi!L<kR/Q
Lindsey,Page,Lindsey.Page@company.com,FHCJ+URDdasc71xA
Daniel,Cross,Daniel.Cross@company.com,a08XBW|c)bo7^r+6
David,Golden,David.Golden@company.com,Rivu>jNZ}CtU84+[
Diane,Cline,Diane.Cline@company.com,~2Z1AQsV}j*z@v$T
Mandy,Turner,Mandy.Turner@company.com,t]{R(MhHUb<@4BIe
Joseph,Cannon,Joseph.Cannon@company.com,Ge/AELV|c8WM@\h{
Jill,White,Jill.White@company.com,^N4%LDnor1kSjTEy
Julie,Pope,Julie.Pope@company.com,1|WX^twN7p->cC_k
Kara,Cruz,Kara.Cruz@company.com,0+u68D-<|S^oO]y9
Julie,Thompson,Julie.Thompson@company.com,t-JjVm}zpX4Qe_fc
Angel,Guzman,Angel.Guzman@company.com,0xrh=9ke(5<q2@E3
Christopher,Merritt,Christopher.Merritt@company.com,15<A6Y\v2uJV3jx9
Nathan,Weber,Nathan.Weber@company.com,lkz<sg%_}rFN+GBw
Robert,Mason,Robert.Mason@company.com,eP=uV\^]k[E/THZ*
Brenda,Jenkins,Brenda.Jenkins@company.com,t?!o$MvyEX<@H6=(
Samantha,Dixon,Samantha.Dixon@company.com,v&8e2JZ+HG{FNr]>
John,Norman,John.Norman@company.com,Fc=fIpC])WYhNwer
Jennifer,Holmes,Jennifer.Holmes@company.com,Xm=YfNOTxw/pWC@|
Tiffany,Rivera,Tiffany.Rivera@company.com,|BO/-*Yvji[7e4Ht
Edward,Gonzalez,Edward.Gonzalez@company.com,~G/rD$zJsQ_^-a0o
Joshua,Austin,Joshua.Austin@company.com,2!{(>pA)=WXEcZO*
John,Wells,John.Wells@company.com,h!TRK%+}vQ&IpFk6
Amy,Vang,Amy.Vang@company.com,$xZ^k]->yzWwRY3~
Kelly,Harper,Kelly.Harper@company.com,8^$JP&uqfbHG4mlO
Scott,Williams,Scott.Williams@company.com,r<Y@Mg}!e|hjuNik
Juan,Diaz,Juan.Diaz@company.com,7ZFOeug5]%hH1&Nc
Nicholas,Robbins,Nicholas.Robbins@company.com,YS_zvEr<!W|]fG[=
Julie,Smith,Julie.Smith@company.com,CQiZchRA!N6k@2xr
Raymond,Edwards,Raymond.Edwards@company.com,kq85Tr&_v~1?BuGY
Kara,Reed,Kara.Reed@company.com,WL>P!e1S=lm_86OU
Lori,Wyatt,Lori.Wyatt@company.com,OQ$Xnc|*IUKb]J>E
Daniel,George,Daniel.George@company.com,}&sg)Q]ibNHF\ZPh
Dustin,Moss,Dustin.Moss@company.com,swd^RD9UmXiI5kh_
Paul,Kirby,Paul.Kirby@company.com,HUM6On~bZ%<B>Qga
Mary,Watts,Mary.Watts@company.com,7+~UQKY-1C{N_H\Z
Kimberly,Willis,Kimberly.Willis@company.com,DFOKfQ-v)1L6S5~<
Randy,Davis,Randy.Davis@company.com,t/_%G-jkvpAm?Z7s
Kevin,Anderson,Kevin.Anderson@company.com,JLD|ga(&Iv23}0nr
Joanna,Martin,Joanna.Martin@company.com,rf_mxOh[{u(Ns|dT
Melissa,Barnes,Melissa.Barnes@company.com,[RT7KPvALdrsXt=D
Alec,Williams,Alec.Williams@company.com,<8xrOLv(ig{E?au}
Jessica,Cook,Jessica.Cook@company.com,Q>TFIU9w(ZyYuE*W
Christina,Rowland,Christina.Rowland@company.com,b)hz*Z]5?@Rv4wt6
Renee,Jennings,Renee.Jennings@company.com,=?1W_g>lX(]smexd
Michael,Garcia,Michael.Garcia@company.com,2sNJ6P-9}q%]1R8?
Alexis,Jackson,Alexis.Jackson@company.com,\@reY$LSbjTqc_iR
Janice,Miller,Janice.Miller@company.com,5YuD8r3=n-PLMSi}
Michael,Johnson,Michael.Johnson@company.com,^NE&${XKP%wt+5kz
Mark,Harris,Mark.Harris@company.com,{gJMYF]XoCm_n}O8
Charles,Bennett,Charles.Bennett@company.com,fT6rD0hOCBiunUw8
Jennifer,Wood,Jennifer.Wood@company.com,kb]/XM<0rOg*qxf2
Luke,Baker,Luke.Baker@company.com,qZmcXd|b5u{a6oU}
Charles,Ferguson,Charles.Ferguson@company.com,H4pSK/}kqP1BUf*@
Tyler,Ross,Tyler.Ross@company.com,&k_Yop}PHm+@ZDtx
Mark,Delacruz,Mark.Delacruz@company.com,b@Z<*i2fdq$hB+M%
Amber,Hodge,Amber.Hodge@company.com,-_NlY$CG}HzM4]e*
Stephanie,York,Stephanie.York@company.com,6f8nPNiL1Wo?K[&_
Catherine,Riley,Catherine.Riley@company.com,}z@h&q)j2IHr\gB?
Brian,Martin,Brian.Martin@company.com,bY+mR9O?qEilup2^
Dustin,Hall,Dustin.Hall@company.com,<b0FrvC4DhLHn]fg
Timothy,Clark,Timothy.Clark@company.com,dEQ4We0M8Xy*)Ib7
Clinton,Perez,Clinton.Perez@company.com,{/uL5]2EtY!4dCf7
Bailey,Strong,Bailey.Strong@company.com,UX=s9HWxi_$l1%ME
Sean,Garrison,Sean.Garrison@company.com,~paiWXlg%>z&]L\)
Claudia,Murray,Claudia.Murray@company.com,w9m}/Z*4igh6v~$l
Angela,Reed,Angela.Reed@company.com,O*|F4@{-%wrXAMWy
Heather,Patterson,Heather.Patterson@company.com,=On\S@}CpyFI*BQN
Steven,Boyer,Steven.Boyer@company.com,Mde6oZQ~DIEq!)x7
Jordan,Andrews,Jordan.Andrews@company.com,z?5<JW!Kaf491&@Z
Michael,Brown,Michael.Brown@company.com,l4P\*{U7ITb)]t0G
Christine,Schultz,Christine.Schultz@company.com,+\$~STjwHWqefOk[
Laura,Mcdonald,Laura.Mcdonald@company.com,ils]x*_NP6vKfJWc
Tracy,Chavez,Tracy.Chavez@company.com,<hWAp!XY$oEf%P2{
Steven,Klein,Steven.Klein@company.com,Q<c8pV?WCP1$-7)i
Teresa,Kirby,Teresa.Kirby@company.com,7FinjZG3pT|P&0-b
Kevin,Williams,Kevin.Williams@company.com,Gw]69P}Y~^+/fXI(
Juan,Fisher,Juan.Fisher@company.com,9[xOYBC]V\0jZ=ru
William,Wilcox,William.Wilcox@company.com,w&n6{J>RT@BYe]%C
Joshua,Harris,Joshua.Harris@company.com,!hP|wB3jKsbHeL}<
Patricia,Pena,Patricia.Pena@company.com,8hvc?{0g*U$SZP%m
Cheryl,Henry,Cheryl.Henry@company.com,kr=-_2qHt&z7X>3M
Aaron,Hughes,Aaron.Hughes@company.com,}gH*2<)9{Qnc-rmX
